,userId,name
0,1,User 1
1,2,User 2
2,3,User 3
3,4,User 4
4,5,User 5
5,6,User 6
6,7,User 7
7,8,User 8
8,9,User 9
9,10,User 10
10,11,User 11
11,12,User 12
12,13,User 13
13,14,User 14
14,15,User 15
15,16,User 16
16,17,User 17
17,18,User 18
18,19,User 19
19,20,User 20
20,21,User 21
21,22,User 22
22,23,User 23
23,24,User 24
24,25,User 25
25,26,User 26
26,27,User 27
27,28,User 28
28,29,User 29
29,30,User 30
30,31,User 31
31,32,User 32
32,33,User 33
33,34,User 34
34,35,User 35
35,36,User 36
36,37,User 37
37,38,User 38
38,39,User 39
39,40,User 40
40,41,User 41
41,42,User 42
42,43,User 43
43,44,User 44
44,45,User 45
45,46,User 46
46,47,User 47
47,48,User 48
48,49,User 49
49,50,User 50
50,51,User 51
51,52,User 52
52,53,User 53
53,54,User 54
54,55,User 55
55,56,User 56
56,57,User 57
57,58,User 58
58,59,User 59
59,60,User 60
60,61,User 61
61,62,User 62
62,63,User 63
63,64,User 64
64,65,User 65
65,66,User 66
66,67,User 67
67,68,User 68
68,69,User 69
69,70,User 70
70,71,User 71
71,72,User 72
72,73,User 73
73,74,User 74
74,75,User 75
75,76,User 76
76,77,User 77
77,78,User 78
78,79,User 79
79,80,User 80
80,81,User 81
81,82,User 82
82,83,User 83
83,84,User 84
84,85,User 85
85,86,User 86
86,87,User 87
87,88,User 88
88,89,User 89
89,90,User 90
90,91,User 91
91,92,User 92
92,93,User 93
93,94,User 94
94,95,User 95
95,96,User 96
96,97,User 97
97,98,User 98
98,99,User 99
99,100,User 100
100,101,User 101
101,102,User 102
102,103,User 103
103,104,User 104
104,105,User 105
105,106,User 106
106,107,User 107
107,108,User 108
108,109,User 109
109,110,User 110
110,111,User 111
111,112,User 112
112,113,User 113
113,114,User 114
114,115,User 115
115,116,User 116
116,117,User 117
117,118,User 118
118,119,User 119
119,120,User 120
120,121,User 121
121,122,User 122
122,123,User 123
123,124,User 124
124,125,User 125
125,126,User 126
126,127,User 127
127,128,User 128
128,129,User 129
129,130,User 130
130,131,User 131
131,132,User 132
132,133,User 133
133,134,User 134
134,135,User 135
135,136,User 136
136,137,User 137
137,138,User 138
138,139,User 139
139,140,User 140
140,141,User 141
141,142,User 142
142,143,User 143
143,144,User 144
144,145,User 145
145,146,User 146
146,147,User 147
147,148,User 148
148,149,User 149
149,150,User 150
150,151,User 151
151,152,User 152
152,153,User 153
153,154,User 154
154,155,User 155
155,156,User 156
156,157,User 157
157,158,User 158
158,159,User 159
159,160,User 160
160,161,User 161
161,162,User 162
162,163,User 163
163,164,User 164
164,165,User 165
165,166,User 166
166,167,User 167
167,168,User 168
168,169,User 169
169,170,User 170
170,171,User 171
171,172,User 172
172,173,User 173
173,174,User 174
174,175,User 175
175,176,User 176
176,177,User 177
177,178,User 178
178,179,User 179
179,180,User 180
180,181,User 181
181,182,User 182
182,183,User 183
183,184,User 184
184,185,User 185
185,186,User 186
186,187,User 187
187,188,User 188
188,189,User 189
189,190,User 190
190,191,User 191
191,192,User 192
192,193,User 193
193,194,User 194
194,195,User 195
195,196,User 196
196,197,User 197
197,198,User 198
198,199,User 199
199,200,User 200
200,201,User 201
201,202,User 202
202,203,User 203
203,204,User 204
204,205,User 205
205,206,User 206
206,207,User 207
207,208,User 208
208,209,User 209
209,210,User 210
210,211,User 211
211,212,User 212
212,213,User 213
213,214,User 214
214,215,User 215
215,216,User 216
216,217,User 217
217,218,User 218
218,219,User 219
219,220,User 220
220,221,User 221
221,222,User 222
222,223,User 223
223,224,User 224
224,225,User 225
225,226,User 226
226,227,User 227
227,228,User 228
228,229,User 229
229,230,User 230
230,231,User 231
231,232,User 232
232,233,User 233
233,234,User 234
234,235,User 235
235,236,User 236
236,237,User 237
237,238,User 238
238,239,User 239
239,240,User 240
240,241,User 241
241,242,User 242
242,243,User 243
243,244,User 244
244,245,User 245
245,246,User 246
246,247,User 247
247,248,User 248
248,249,User 249
249,250,User 250
250,251,User 251
251,252,User 252
252,253,User 253
253,254,User 254
254,255,User 255
255,256,User 256
256,257,User 257
257,258,User 258
258,259,User 259
259,260,User 260
260,261,User 261
261,262,User 262
262,263,User 263
263,264,User 264
264,265,User 265
265,266,User 266
266,267,User 267
267,268,User 268
268,269,User 269
269,270,User 270
270,271,User 271
271,272,User 272
272,273,User 273
273,274,User 274
274,275,User 275
275,276,User 276
276,277,User 277
277,278,User 278
278,279,User 279
279,280,User 280
280,281,User 281
281,282,User 282
282,283,User 283
283,284,User 284
284,285,User 285
285,286,User 286
286,287,User 287
287,288,User 288
288,289,User 289
289,290,User 290
290,291,User 291
291,292,User 292
292,293,User 293
293,294,User 294
294,295,User 295
295,296,User 296
296,297,User 297
297,298,User 298
298,299,User 299
299,300,User 300
300,301,User 301
301,302,User 302
302,303,User 303
303,304,User 304
304,305,User 305
305,306,User 306
306,307,User 307
307,308,User 308
308,309,User 309
309,310,User 310
310,311,User 311
311,312,User 312
312,313,User 313
313,314,User 314
314,315,User 315
315,316,User 316
316,317,User 317
317,318,User 318
318,319,User 319
319,320,User 320
320,321,User 321
321,322,User 322
322,323,User 323
323,324,User 324
324,325,User 325
325,326,User 326
326,327,User 327
327,328,User 328
328,329,User 329
329,330,User 330
330,331,User 331
331,332,User 332
332,333,User 333
333,334,User 334
334,335,User 335
335,336,User 336
336,337,User 337
337,338,User 338
338,339,User 339
339,340,User 340
340,341,User 341
341,342,User 342
342,343,User 343
343,344,User 344
344,345,User 345
345,346,User 346
346,347,User 347
347,348,User 348
348,349,User 349
349,350,User 350
350,351,User 351
351,352,User 352
352,353,User 353
353,354,User 354
354,355,User 355
355,356,User 356
356,357,User 357
357,358,User 358
358,359,User 359
359,360,User 360
360,361,User 361
361,362,User 362
362,363,User 363
363,364,User 364
364,365,User 365
365,366,User 366
366,367,User 367
367,368,User 368
368,369,User 369
369,370,User 370
370,371,User 371
371,372,User 372
372,373,User 373
373,374,User 374
374,375,User 375
375,376,User 376
376,377,User 377
377,378,User 378
378,379,User 379
379,380,User 380
380,381,User 381
381,382,User 382
382,383,User 383
383,384,User 384
384,385,User 385
385,386,User 386
386,387,User 387
387,388,User 388
388,389,User 389
389,390,User 390
390,391,User 391
391,392,User 392
392,393,User 393
393,394,User 394
394,395,User 395
395,396,User 396
396,397,User 397
397,398,User 398
398,399,User 399
399,400,User 400
400,401,User 401
401,402,User 402
402,403,User 403
403,404,User 404
404,405,User 405
405,406,User 406
406,407,User 407
407,408,User 408
408,409,User 409
409,410,User 410
410,411,User 411
411,412,User 412
412,413,User 413
413,414,User 414
414,415,User 415
415,416,User 416
416,417,User 417
417,418,User 418
418,419,User 419
419,420,User 420
420,421,User 421
421,422,User 422
422,423,User 423
423,424,User 424
424,425,User 425
425,426,User 426
426,427,User 427
427,428,User 428
428,429,User 429
429,430,User 430
430,431,User 431
431,432,User 432
432,433,User 433
433,434,User 434
434,435,User 435
435,436,User 436
436,437,User 437
437,438,User 438
438,439,User 439
439,440,User 440
440,441,User 441
441,442,User 442
442,443,User 443
443,444,User 444
444,445,User 445
445,446,User 446
446,447,User 447
447,448,User 448
448,449,User 449
449,450,User 450
450,451,User 451
451,452,User 452
452,453,User 453
453,454,User 454
454,455,User 455
455,456,User 456
456,457,User 457
457,458,User 458
458,459,User 459
459,460,User 460
460,461,User 461
461,462,User 462
462,463,User 463
463,464,User 464
464,465,User 465
465,466,User 466
466,467,User 467
467,468,User 468
468,469,User 469
469,470,User 470
470,471,User 471
471,472,User 472
472,473,User 473
473,474,User 474
474,475,User 475
475,476,User 476
476,477,User 477
477,478,User 478
478,479,User 479
479,480,User 480
480,481,User 481
481,482,User 482
482,483,User 483
483,484,User 484
484,485,User 485
485,486,User 486
486,487,User 487
487,488,User 488
488,489,User 489
489,490,User 490
490,491,User 491
491,492,User 492
492,493,User 493
493,494,User 494
494,495,User 495
495,496,User 496
496,497,User 497
497,498,User 498
498,499,User 499
499,500,User 500
500,501,User 501
501,502,User 502
502,503,User 503
503,504,User 504
504,505,User 505
505,506,User 506
506,507,User 507
507,508,User 508
508,509,User 509
509,510,User 510
510,511,User 511
511,512,User 512
512,513,User 513
513,514,User 514
514,515,User 515
515,516,User 516
516,517,User 517
517,518,User 518
518,519,User 519
519,520,User 520
520,521,User 521
521,522,User 522
522,523,User 523
523,524,User 524
524,525,User 525
525,526,User 526
526,527,User 527
527,528,User 528
528,529,User 529
529,530,User 530
530,531,User 531
531,532,User 532
532,533,User 533
533,534,User 534
534,535,User 535
535,536,User 536
536,537,User 537
537,538,User 538
538,539,User 539
539,540,User 540
540,541,User 541
541,542,User 542
542,543,User 543
543,544,User 544
544,545,User 545
545,546,User 546
546,547,User 547
547,548,User 548
548,549,User 549
549,550,User 550
550,551,User 551
551,552,User 552
552,553,User 553
553,554,User 554
554,555,User 555
555,556,User 556
556,557,User 557
557,558,User 558
558,559,User 559
559,560,User 560
560,561,User 561
561,562,User 562
562,563,User 563
563,564,User 564
564,565,User 565
565,566,User 566
566,567,User 567
567,568,User 568
568,569,User 569
569,570,User 570
570,571,User 571
571,572,User 572
572,573,User 573
573,574,User 574
574,575,User 575
575,576,User 576
576,577,User 577
577,578,User 578
578,579,User 579
579,580,User 580
580,581,User 581
581,582,User 582
582,583,User 583
583,584,User 584
584,585,User 585
585,586,User 586
586,587,User 587
587,588,User 588
588,589,User 589
589,590,User 590
590,591,User 591
591,592,User 592
592,593,User 593
593,594,User 594
594,595,User 595
595,596,User 596
596,597,User 597
597,598,User 598
598,599,User 599
599,600,User 600
600,601,User 601
601,602,User 602
602,603,User 603
603,604,User 604
604,605,User 605
605,606,User 606
606,607,User 607
607,608,User 608
608,609,User 609
609,610,User 610
